,SEM_TT,fami_estratovivienda,estu_genero,punt_c_naturales,punt_lectura_critica,punt_matematicas,punt_sociales_ciudadanas,punt_ingles,estu_cod_reside_mcpio,cole_cod_mcpio_ubicacion,estu_cod_mcpio_presentacion,PUNT_TOTAL
0,20142,,,48.68546637744035,47.3470715835141,48.06941431670282,47.68112798264642,47.767895878524946,,14633.084598698482,14632.444685466377,239.55097613882864
1,20142,,F,46.091937765205095,48.0990099009901,46.05799151343706,47.86138613861386,47.3041018387553,,21098.158415841583,20877.90664780764,235.41442715700143
2,20142,,M,48.35558583106267,47.94550408719346,48.83242506811989,48.237057220708444,49.01226158038147,,22749.57084468665,22624.445504087194,242.38283378746593
3,20142,Estrato 1,,46.44,46.88,46.96,48.2,45.88,,41729.96,41712.28,234.36
4,20142,Estrato 1,F,45.92403323308727,46.621282541997026,46.048194052067196,46.87334062395577,46.40282967283332,37563.17743552356,37584.422506759016,37499.25737416082,231.86968012394058
5,20142,Estrato 1,M,47.91002137786383,45.84130969667635,47.81335713133269,46.76284688609229,46.92097249112617,37482.956689657956,37494.07915859955,37401.2315565505,235.2485075830913
6,20142,Estrato 2,,47.0,48.375,46.125,45.5,49.125,,33730.25,33692.875,236.125
7,20142,Estrato 2,F,49.37552313415485,51.072647833837095,49.333081453925445,50.53159149035108,49.27594357901263,8.707728507238219e+302,30938.694199023485,30899.14139153685,249.5887874912811
8,20142,Estrato 2,M,51.8604987688322,50.56731745457516,51.7863953040576,50.89221738572312,50.235415621243774,31160.960777677938,31179.87562287755,31108.838664503855,255.34184453443186
9,20142,Estrato 3,,51.666666666666664,55.833333333333336,55.0,58.0,50.166666666666664,1.4980776123852632e+307,29337.333333333332,29337.333333333332,270.6666666666667
10,20142,Estrato 3,F,53.02819292807644,55.034648871690585,52.82762433120767,53.821563246530175,54.023474363783535,26882.669917671912,26931.65066829875,26799.210874415116,268.7355037412884
11,20142,Estrato 3,M,55.355062013267954,54.3310554458521,55.36276097712498,54.188901954693705,54.998335958820526,26672.371014621374,26767.696257016705,26615.638681191896,274.23611634975924
12,20142,Estrato 4,,77.0,72.0,61.0,58.0,66.0,11001.0,11001.0,11001.0,334.0
13,20142,Estrato 4,F,58.525029916234544,59.86009174311926,58.48454327881931,58.09144395692062,63.8093338651775,27665.79188272836,27888.315815715996,27666.31840845632,298.77044276027124
14,20142,Estrato 4,M,60.31785367956039,58.62342419997845,60.87275078116582,58.00743454369141,63.81564486585497,27584.287145781705,27866.711776748194,27584.54035125525,301.63710807025103
15,20142,Estrato 5,F,60.130526315789474,61.58315789473684,60.57473684210526,59.602105263157895,68.67333333333333,24074.725263157896,24318.792280701753,24054.605263157893,310.56385964912283
16,20142,Estrato 5,M,61.757707653246285,59.816467174465,62.814653608995286,59.06819006166123,68.51432716721074,23534.27022125499,23908.345665578527,23579.464272760248,311.97134566557855
17,20142,Estrato 6,F,61.232,62.11644444444445,61.93333333333333,59.70488888888889,73.02666666666667,23019.76,23031.421333333332,23111.21422222222,318.0133333333333
18,20142,Estrato 6,M,63.51740357478833,60.940733772342426,64.84854186265287,60.048918156161804,73.61900282220132,23432.20978363123,23384.71119473189,23478.902163687675,322.9746001881468
19,20151,Estrato 1,F,39.743909348441925,44.45099150141643,41.99376770538244,43.49235127478754,44.210764872521246,39062.793767705385,38537.613031161476,38751.137677053826,213.8917847025496
20,20151,Estrato 1,M,43.503439649781114,44.921826141338336,45.41838649155722,45.03064415259537,45.05878674171357,39593.66103814884,39407.51156973108,38969.31207004378,223.9330831769856
21,20151,Estrato 2,F,44.37301119622864,47.733352975839715,45.29846788450206,46.93842074248674,46.632292280494994,37380.89893930466,37425.96405421332,36909.333824395995,230.97554507955215
22,20151,Estrato 2,M,46.95292479108635,47.40194986072424,48.52479108635097,47.869359331476325,47.255710306406684,35766.862395543176,35724.677715877435,35197.699442896934,238.00473537604458
23,20151,Estrato 3,F,52.3558853986883,53.469451156368656,51.29168104936141,53.283051432516395,53.719710044874006,49043.89920607525,49155.25923369003,48764.16189161201,264.11977908180876
24,20151,Estrato 3,M,53.86019690576653,52.38002812939522,54.246132208157526,53.37721518987342,53.297327707454286,,45463.2,45118.80675105485,267.16090014064696
25,20151,Estrato 4,F,62.291314837153195,61.00482509047045,60.722557297949336,60.87997587454765,68.0615199034982,45527.60735826297,46264.88721351025,45365.35826296743,312.9601930036188
26,20151,Estrato 4,M,64.23185143500281,59.94485087225661,64.50703432751828,61.909397861564436,67.90039392234102,42419.614518851995,43555.25998874508,42344.33708497468,318.4935284186832
27,20151,Estrato 5,F,66.66095890410959,64.28424657534246,65.7404109589041,64.21369863013699,76.35684931506849,38468.69452054794,39139.61643835616,38508.43424657534,337.25616438356167
28,20151,Estrato 5,M,68.6618911174785,63.009312320916905,69.56590257879657,65.0580229226361,76.08739255014326,38163.735673352436,39020.39111747851,38114.53438395415,342.38252148997134
29,20151,Estrato 6,F,69.14772727272727,65.99532085561498,70.0909090909091,65.97058823529412,83.54211229946524,28128.37165775401,28775.430481283423,27864.90975935829,354.7466577540107
30,20151,Estrato 6,M,71.29926470588235,64.82058823529412,73.36029411764706,67.07573529411765,83.24779411764706,25667.475,26251.51029411765,25459.89044117647,359.80367647058824
31,20152,,,66.0,65.0,76.0,62.0,73.0,76001.0,76001.0,76001.0,342.0
32,20152,,F,45.77142857142857,47.785714285714285,46.52857142857143,46.542857142857144,46.82857142857143,31701.285714285714,31611.77142857143,31698.52857142857,233.45714285714286
33,20152,,M,48.359375,46.21875,47.328125,47.921875,46.6875,,35964.03125,,236.515625
34,20152,Estrato 1,,45.729151817533854,45.690662865288665,44.38774055595153,44.704205274411976,46.0,39454.28367783321,39494.35709194583,39257.93228795438,226.51176051318603
35,20152,Estrato 1,F,46.07395016066531,46.68620631337456,45.153150437141996,46.28880048824607,46.53215879762053,37410.0633690449,37393.76564924226,,230.73426619704847
36,20152,Estrato 1,M,47.9278857726043,46.60499889277221,47.906559602553365,46.35835668139761,46.90447031185312,37513.63607829544,37471.87250512694,,235.70227126118058
37,20152,Estrato 2,,49.184350132625994,48.683023872679044,48.6657824933687,48.53183023872679,48.58090185676392,37216.637931034486,37284.989389920425,37173.20557029178,243.64588859416446
38,20152,Estrato 2,F,49.684721824978055,50.33753809434576,49.279723452309334,50.02954839091456,49.83260185614392,30690.74411448522,30684.259603720177,,249.16413361869164
39,20152,Estrato 2,M,52.09399671926077,50.64448824008402,52.81614878978486,50.50634315588232,50.619528659263366,30917.444127122744,30878.55131760624,,256.68050556427534
40,20152,Estrato 3,,51.62199312714777,51.44329896907217,51.74570446735395,51.15807560137457,52.446735395189,29647.05498281787,29895.274914089347,29431.71821305842,258.41580756013747
41,20152,Estrato 3,F,53.42790089588066,54.02224698872648,53.64533413348193,53.34109906125423,55.61301384542843,25946.49234857902,26010.729564061898,,270.0495949247717
42,20152,Estrato 3,M,55.53295304544597,53.9323260418631,57.00902790873091,53.449321138977936,56.03366019234396,25810.13101074863,25918.696775410146,,275.9572883273619
43,20152,Estrato 4,,55.646341463414636,53.6219512195122,55.573170731707314,53.353658536585364,58.47560975609756,29067.0,29449.48780487805,29057.963414634145,276.6707317073171
44,20152,Estrato 4,F,58.72282791952343,58.58626503315725,60.35686186354951,57.13038102731258,66.46757333932786,26984.264808362368,27200.937394627403,26933.161852309768,301.26390918287063
45,20152,Estrato 4,M,60.8511245575979,58.27468889142596,64.02066445941317,57.13882863340564,66.07158351409979,26826.154583856605,27168.259276173078,26836.898390227194,306.3568900559425
46,20152,Estrato 5,,58.0,57.77777777777778,55.611111111111114,55.72222222222222,66.38888888888889,23411.38888888889,23471.5,23411.38888888889,293.5
47,20152,Estrato 5,F,60.59218091222691,59.8853967037179,63.20352625527022,58.36910693752395,71.70831736297431,24538.14105021081,24708.099655040245,3.4451765712194634e+304,313.7585281717133
48,20152,Estrato 5,M,62.286230429546364,59.346045764753114,66.30590124448013,58.33761541549578,70.47450822962665,23204.870333199517,23394.916499397834,23216.968687274188,316.75030108390206
49,20152,Estrato 6,,55.857142857142854,52.857142857142854,61.57142857142857,52.0,63.142857142857146,13143.857142857143,13225.57142857143,13181.714285714286,285.42857142857144
50,20152,Estrato 6,F,61.982180293501045,61.21383647798742,65.87316561844864,59.040880503144656,76.041928721174,23384.009433962263,23712.214884696015,23457.573375262054,324.1519916142558
51,20152,Estrato 6,M,64.06237218813907,60.43251533742331,68.74642126789367,59.39161554192229,74.67484662576688,24330.824130879344,24544.468302658486,24387.03374233129,327.3077709611452
52,20161,Estrato 1,F,57.03809523809524,56.34285714285714,57.60952380952381,56.42857142857143,55.838095238095235,58706.94285714286,58969.4,58200.438095238096,283.25714285714287
53,20161,Estrato 1,M,60.472727272727276,57.35454545454545,63.96363636363636,59.236363636363635,60.35454545454545,56654.27272727273,56650.681818181816,56653.90909090909,301.3818181818182
54,20161,Estrato 2,F,57.62908011869436,55.853115727002965,56.36943620178042,55.87240356083086,57.50148367952522,67371.35756676558,67334.07566765578,67237.98367952522,283.22551928783383
55,20161,Estrato 2,M,59.02622950819672,55.42131147540984,60.4655737704918,57.29672131147541,58.59508196721311,65227.22295081967,65349.29344262295,65079.375409836066,290.8049180327869
56,20161,Estrato 3,F,59.506776664702414,57.81437831467295,58.823806717737185,58.32704773129051,61.42133176193282,65044.62581025339,65563.78903948143,65038.025338833235,295.8933411903359
57,20161,Estrato 3,M,61.20403176542456,56.9083689676237,63.39767868051313,59.684789248625535,61.56627978008552,65058.00794135614,65354.38057422113,64993.01649358583,302.76114844227243
58,20161,Estrato 4,F,65.25016812373907,61.56086079354405,67.12239408204438,64.42703429724277,73.62542030934767,45368.689979825154,46144.4014794889,45165.12441156691,331.98587760591795
59,20161,Estrato 4,M,66.67619728377413,60.59614010007148,70.5625446747677,65.0035739814153,72.47319513938527,47162.776983559685,47676.83488205861,46909.07147962831,335.31165117941384
60,20161,Estrato 5,F,67.6453744493392,63.273861967694565,70.8223201174743,66.13803230543319,79.62334801762114,40577.92290748899,41421.259911894274,40608.49706314244,347.5029368575624
61,20161,Estrato 5,M,69.63855421686748,62.7429718875502,75.00080321285141,68.45220883534137,78.53413654618474,42923.30923694779,43860.882730923695,42901.53734939759,354.3686746987952
62,20161,Estrato 6,F,69.30742049469964,64.7279151943463,74.13074204946996,67.97031802120141,86.68975265017667,27543.315901060072,28076.190106007067,27402.60070671378,362.826148409894
63,20161,Estrato 6,M,71.58125472411187,64.3265306122449,78.35903250188964,70.4225245653817,86.06727135298564,27697.202569916855,28494.032501889644,27578.32501889645,370.7566137566138
64,20162,,F,48.26589147286822,49.2046511627907,44.43255813953488,46.629457364341086,47.582945736434105,25707.38062015504,25734.331007751938,25713.4503875969,236.11550387596898
65,20162,,M,50.22051282051282,50.146153846153844,48.81111111111111,48.302564102564105,49.544444444444444,29385.33504273504,29541.40683760684,29426.681196581198,247.02478632478633
66,20162,Estrato 1,F,49.11408175682368,49.59534051193525,45.74995401355539,46.70143477707187,47.38226055212033,37207.99614421349,37212.5908975139,37138.26111810734,238.54307161150652
67,20162,Estrato 1,M,50.31783863390627,49.59148614891316,48.84818798702509,47.44619887401663,48.07845531486522,37381.89046828977,37354.449629022034,37313.86828418031,244.28216695872638
68,20162,Estrato 2,F,52.90289599746625,53.50147472188131,50.50234569856289,51.06546181559048,52.26379706243319,31014.765578605646,31039.743398392653,30997.818322182193,260.2359752959341
69,20162,Estrato 2,M,54.302790241166576,53.59575387922976,53.85948308094971,52.2980814170873,53.341372219106375,31038.14021312395,31036.625595905778,31035.296492335016,267.3974808375397
70,20162,Estrato 3,,39.0,40.0,38.0,36.0,47.0,11001.0,11001.0,11001.0,200.0
71,20162,Estrato 3,F,55.975640910720685,56.78354697024023,54.15948816780208,54.77272319827895,57.72104697024023,25425.678334528504,25550.292488347077,25405.25493008247,279.4124462172822
72,20162,Estrato 3,M,57.192948441763605,56.60878931495045,57.27813681842118,55.99250801857437,58.550600794676626,25637.183038920004,25786.210756857676,25613.039997127675,285.6229833883862
73,20162,Estrato 4,F,61.055349268971916,61.613367370619635,60.2461127871896,60.3249013692272,67.17730331863541,26440.522975168253,26699.940705500117,26437.26688326758,310.41703411464374
74,20162,Estrato 4,M,61.62835112692764,60.633689205219454,62.49774614472123,61.009608540925264,66.44780545670226,26992.518386714117,27294.526334519574,26971.37841043891,312.2172004744958
75,20162,Estrato 5,F,62.26088646967341,62.87791601866252,61.91407465007776,61.84836702954899,70.50194401244168,24052.17962674961,24243.274105754277,24061.92768273717,319.40318818040436
76,20162,Estrato 5,M,63.228992433293506,61.932297889287135,64.45320589406612,62.90959776981283,70.05376344086021,23570.728793309438,23743.600955794504,23567.10553564317,322.57785742731977
77,20162,Estrato 6,F,63.64753272910372,63.92648539778449,63.76334340382679,63.26888217522659,73.9607250755287,24143.973816717018,23983.412890231622,24159.76233635448,328.5669687814703
78,20162,Estrato 6,M,63.856404958677686,62.28305785123967,65.40702479338843,63.3698347107438,72.66838842975207,24018.224173553717,24087.01756198347,24056.796487603307,327.5847107438017
79,20171,,F,57.90449438202247,60.98876404494382,57.264044943820224,58.69101123595506,66.02808988764045,54444.83707865168,54643.37640449438,54345.57865168539,300.87640449438203
80,20171,,M,57.34239130434783,58.93478260869565,59.14673913043478,58.59782608695652,64.44565217391305,53503.35326086957,54063.67934782609,53708.885869565216,298.4673913043478
81,20171,Estrato 1,F,55.94444444444444,57.69047619047619,54.8968253968254,55.57936507936508,55.5,61375.48412698413,61379.18253968254,61368.531746031746,279.6111111111111
82,20171,Estrato 1,M,56.80952380952381,56.67460317460318,57.07142857142857,56.023809523809526,55.26984126984127,58861.0,59444.142857142855,58894.25396825397,281.8492063492063
83,20171,Estrato 2,F,56.40327868852459,57.265573770491805,54.0,55.040983606557376,55.6672131147541,68094.40327868852,68272.61803278688,68056.41639344262,278.37704918032784
84,20171,Estrato 2,M,57.87678571428572,57.48392857142857,57.22857142857143,56.56071428571428,55.90892857142857,66429.34642857143,66700.19464285714,66499.975,285.05892857142857
85,20171,Estrato 3,F,58.56210790464241,59.44730238393977,56.658720200752825,57.56085319949812,61.38080301129234,65465.571518193225,65840.5495608532,65466.8243412798,293.6097867001255
86,20171,Estrato 3,M,59.856957928802586,59.02265372168285,59.2168284789644,58.21488673139159,59.82330097087379,63808.390291262134,64135.139805825245,63765.796116504855,296.1346278317152
87,20171,Estrato 4,F,62.84409340659341,63.08722527472528,61.932005494505496,62.38255494505494,71.4532967032967,46931.243131868134,47723.6146978022,46809.17445054945,321.6991758241758
88,20171,Estrato 4,M,64.1814946619217,62.57081850533808,64.38007117437722,62.75516014234876,70.19003558718862,47215.878291814945,47803.64199288256,47091.13665480427,324.0775800711744
89,20171,Estrato 5,F,65.07174556213018,65.07840236686391,64.7921597633136,64.73816568047337,77.51405325443787,40152.789201183434,40816.833579881655,40146.28180473373,337.1945266272189
90,20171,Estrato 5,M,66.78246205733558,64.8752107925801,67.25463743676222,65.79932546374367,75.48566610455312,40065.2892074199,40881.01517706577,40016.156829679596,340.1973018549747
91,20171,Estrato 6,F,66.38876889848812,66.16918646508279,66.91936645068394,66.1418286537077,82.98416126709863,26896.76097912167,27483.49820014399,26724.365010799134,348.6033117350612
92,20171,Estrato 6,M,68.17261410788382,65.77676348547718,69.00331950207469,67.68215767634855,81.00248962655601,26990.222406639004,27572.2755186722,26815.200829875517,351.63734439834025
93,20171,Sin Estrato,F,59.0,58.45945945945946,58.891891891891895,57.78378378378378,69.5945945945946,46677.45945945946,46295.78378378379,45482.91891891892,303.72972972972974
94,20171,Sin Estrato,M,60.875,59.575,62.15,60.025,67.45,42033.05,42737.875,42028.375,310.075
95,20172,,F,43.91009746071737,48.55068620301001,42.27209441092621,44.588211894185505,43.9752701717165,,34692.56162567128,34753.62467678844,223.2963601405556
96,20172,,M,45.92532280615182,49.363434492968175,46.122296241467225,45.86273542232092,44.96496422403158,,34327.26868985936,34370.87597664282,232.2387531869397
97,20172,Estrato 1,,52.5,55.5,51.5,50.25,41.5,,66536.0,66660.25,251.25
98,20172,Estrato 1,F,48.89237842892768,51.21512624688279,46.330911003740646,47.83414510598504,46.18272677680798,,37050.48393664277,37024.42947319202,240.45528756234415
99,20172,Estrato 1,M,50.75980785736039,51.33886597081868,49.96449237243556,48.75301088069991,46.559137849885104,,37210.45190896758,37149.553642127416,247.37531493119965
100,20172,Estrato 2,,41.0,32.0,31.0,38.0,35.0,8.98846567431158e+307,8141.0,8638.0,177.0
101,20172,Estrato 2,F,51.24698658624326,53.88365216877088,49.44719750056671,50.549569793915026,49.601785872682655,,31436.620699171126,31379.22582616323,254.72919192217853
102,20172,Estrato 2,M,52.95649733049197,53.9552828761944,52.81590705987489,51.43546206548888,50.01687633188973,,31554.482573726542,31501.166827066292,261.1800256639399
103,20172,Estrato 3,F,53.155317592783604,56.028280479342875,51.87804512124224,52.90640061511918,53.662640886671795,,27234.85925398046,27094.847983046715,267.6306846951597
104,20172,Estrato 3,M,54.475304195463835,55.81639248515526,54.70902365423927,53.49516207534313,53.82180473084785,,27470.358259515233,27294.56665044291,272.31768714104936
105,20172,Estrato 4,F,54.59994876611733,57.34762189394586,53.940995645119976,54.6960976859363,58.36888395525574,,29164.790880368884,28954.883357527113,278.9535479463752
106,20172,Estrato 4,M,55.76047519666078,57.19858725317065,56.27733183496549,55.13573607320597,57.88007705891796,,29575.146010595603,29287.282790174988,282.25220741692084
107,20172,Estrato 5,F,53.335769980506825,56.39961013645224,52.848684210526315,53.598684210526315,57.86013645224172,28629.61476608187,28790.198099415204,28598.033382066278,274.0428849902534
108,20172,Estrato 5,M,54.24232245681382,56.19097888675624,55.26439539347409,54.20345489443378,57.50191938579655,2.1565416685008587e+304,28952.171305182343,28850.513915547024,277.4030710172745
109,20172,Estrato 6,F,49.537974683544306,52.94741966893866,48.734177215189874,49.77117818889971,53.68013631937683,,31494.068159688413,31482.198149951313,254.67088607594937
110,20172,Estrato 6,M,51.77847794474067,53.84730974309258,52.83713039263209,51.795443528841496,55.46825012118274,4.356987723854377e+304,29970.25545322346,29816.828405235094,265.7266117304896
111,20172,Sin Estrato,F,44.2108319656609,46.42570382527459,40.64423683878298,42.71556621638682,42.69448301982073,,38241.187728822115,38339.80734755713,216.690821865926
112,20172,Sin Estrato,M,45.05283505154639,46.18894974226804,43.13192654639175,42.792686855670105,43.01336984536083,,37875.96005154639,37804.53495489691,220.1797680412371
113,20181,,F,56.55263157894737,62.28947368421053,58.53508771929825,58.583333333333336,65.75877192982456,55439.162280701756,55856.19736842105,55503.35526315789,301.719298245614
114,20181,,M,57.686440677966104,62.08474576271186,61.19915254237288,58.8728813559322,65.96186440677967,48133.338983050846,48910.49152542373,47996.004237288136,305.8050847457627
115,20181,Estrato 1,F,54.51587301587302,58.26984126984127,54.182539682539684,53.357142857142854,56.785714285714285,63737.02380952381,63987.769841269845,64071.03968253968,277.1111111111111
116,20181,Estrato 1,M,57.11214953271028,58.654205607476634,57.58878504672897,55.44859813084112,56.66355140186916,63133.46728971963,63147.6168224299,62999.67289719626,285.4672897196262
117,20181,Estrato 2,F,57.095419847328245,59.969465648854964,56.463740458015266,56.221374045801525,58.6793893129771,66033.09732824427,66108.71374045801,65982.12786259541,288.4293893129771
118,20181,Estrato 2,M,58.81884057971015,60.02355072463768,59.367753623188406,57.33876811594203,59.38949275362319,64874.03079710145,65009.034420289856,64824.4981884058,294.93840579710144
119,20181,Estrato 3,F,57.97617426820967,61.046970728386654,57.575221238938056,57.3784887678693,61.96528250510551,65234.40027229408,65472.841388699795,65123.61606535058,295.9421375085092
120,20181,Estrato 3,M,59.566130160951715,61.09587123862841,60.302309307207835,57.84044786564031,61.92652204338698,63744.0566829951,64011.426172148356,63581.94121763471,300.73128061581525
121,20181,Estrato 4,F,62.839650145772595,65.00145772594752,63.26384839650146,63.076530612244895,72.43950437317784,46940.48688046647,47738.336734693876,46937.52551020408,326.6209912536443
122,20181,Estrato 4,M,64.34521158129176,64.84484038604306,65.7253155159614,63.066072754268745,70.68448403860431,47536.52858203415,48262.31774313289,47591.94951744618,328.6659242761693
123,20181,Estrato 5,F,65.62329803328291,66.88804841149773,66.62708018154312,65.54387291981845,77.05446293494705,40782.93267776097,41438.93116490167,40825.52496217852,341.7367624810893
124,20181,Estrato 5,M,66.36805555555556,66.40277777777777,67.93055555555556,65.5949074074074,75.06867283950618,40895.19984567901,41695.57175925926,40891.22530864197,341.3649691358025
125,20181,Estrato 6,F,66.63608087091757,67.51244167962675,68.22861586314153,66.08709175738724,81.14618973561431,26770.77293934681,27301.1866251944,26714.89968895801,349.6104199066874
126,20181,Estrato 6,M,67.87048458149779,67.73039647577093,70.32422907488987,67.28810572687225,80.26872246696036,27446.73127753304,28219.23436123348,27230.992070484583,353.48193832599117
127,20181,Sin Estrato,F,63.45,63.525,63.925,62.975,75.075,36999.75,37451.0,36607.75,328.95
128,20181,Sin Estrato,M,62.87931034482759,65.48275862068965,63.775862068965516,63.01724137931034,72.56896551724138,39364.3275862069,39893.96551724138,39144.84482758621,327.7241379310345
129,20182,,F,42.940772774278464,48.26299708564445,43.16348594528532,42.72769577888502,,,35169.132744194794,35086.09471655542,
130,20182,,M,45.17730732899928,49.22742679335445,46.41384675223648,44.595932655442574,,,34346.013668944826,34373.57776296049,
131,20182,Estrato 1,F,47.0244978298173,50.378843242152016,46.906833552033916,45.37428081154739,,36939.91817906531,36920.7958110427,36860.4222973655,
132,20182,Estrato 1,M,49.021899665362945,50.91187890939384,50.05163576804146,46.904141310026404,1.2691450057624754e+303,37150.64538356184,37125.96255453737,37096.08878471683,1.2691450057624754e+303
133,20182,Estrato 2,F,49.6091573190691,53.26577781326095,50.00048900243503,48.462765957446805,50.67513272923237,31353.18582092531,31374.03767314678,31291.006965789788,252.01332282144426
134,20182,Estrato 2,M,51.193269176015036,53.43974716701782,52.56176755310062,49.5869597403337,,31646.29712430955,31667.313114287343,31571.140607026933,
135,20182,Estrato 3,F,51.864545783982756,55.60433712879785,52.365165646277966,51.159600236501305,54.91417291297133,27199.102420323856,27292.697087600845,27134.396368560585,265.90782170853123
136,20182,Estrato 3,M,52.997100377534736,55.37033433230841,54.33785466858677,51.88245825711283,55.34151325263691,27521.256918226754,27645.790351457596,27489.86291986144,269.92926088817967
137,20182,Estrato 4,F,54.118491440798856,57.42519614835949,54.60814907275321,53.686875891583455,59.87847717546362,28955.381865192583,29163.95952211127,28944.484040656207,279.71718972895866
138,20182,Estrato 4,M,54.33519643580397,56.47881733495342,55.7118671526934,53.37893884163629,58.88278655326043,28913.356986634266,29131.156581611987,28931.652085864724,278.7876063183475
139,20182,Estrato 5,F,53.510863661053776,57.003259098316136,54.059206952743075,53.090168386746335,60.46089082020641,28954.61080934275,29199.63443780554,28968.426941879414,278.1243889190657
140,20182,Estrato 5,M,53.9211222869243,56.382212811011115,55.502382212811014,53.356008470089996,59.66225516146109,28686.85256749603,28862.14187400741,28751.530174695607,278.8239809422975
141,20182,Estrato 6,F,50.25623188405797,53.864347826086956,50.38782608695652,49.79768115942029,56.90782608695652,30763.92579710145,30856.920579710146,30901.91072463768,261.21391304347827
142,20182,Estrato 6,M,51.470417633410676,54.47215777262181,52.7737819025522,51.219837587006964,57.48665893271462,29677.09860788863,29664.682134570765,29678.69083526682,267.42285382830624
143,20182,Sin Estrato,F,42.15865384615385,45.247722672064775,41.056174089068826,40.091472672064775,,38489.60678137652,38446.79263663968,38505.317813765185,
144,20182,Sin Estrato,M,43.140182648401826,45.18614916286149,42.9144596651446,40.48569254185693,,38120.511415525114,38109.42709284627,38177.8596651446,
145,20191,,F,43.57198443579767,49.33852140077821,44.8041504539559,44.621271076523996,46.8715953307393,,37979.330739299614,37990.76134889753,229.20752269779507
146,20191,,M,46.53846153846154,52.18923076923077,50.104615384615386,47.355384615384615,49.86153846153846,,40025.441538461535,39581.74153846154,246.04923076923077
147,20191,Estrato 1,F,42.46139705882353,47.19485294117647,42.32444852941177,41.498161764705884,41.720588235294116,36541.578125,36269.961397058825,35591.045036764706,215.19944852941177
148,20191,Estrato 1,M,44.526497695852534,48.473502304147466,45.94585253456221,43.46658986175115,43.38940092165899,38526.3168202765,37903.47235023041,37978.5564516129,225.80184331797236
149,20191,Estrato 2,F,47.18669527896996,51.66630901287554,47.85407725321888,46.15396995708154,48.11051502145923,40800.94849785408,40425.608369098714,39993.10568669528,240.97156652360516
150,20191,Estrato 2,M,47.95665171898356,51.57598405580468,50.289486796213254,46.75834578973593,48.77379172894868,38163.1649227703,38200.44942700548,37603.12157448929,245.3542600896861
151,20191,Estrato 3,F,52.86701893439014,56.4522236900044,53.59048877146631,51.741963892558346,56.81946279172171,50819.73051519154,51317.94451783355,50467.43989431969,271.4711580801409
152,20191,Estrato 3,M,53.92608196093451,56.734584450402146,56.15013404825737,52.52508617387974,56.89735733435465,46969.06472615856,47089.5836844121,46642.19762543087,276.2332439678284
153,20191,Estrato 4,F,60.82324159021407,63.66238532110092,62.37003058103976,60.39510703363914,69.80244648318043,44568.52599388379,45522.79877675841,44538.873394495415,317.05321100917433
154,20191,Estrato 4,M,60.40447504302926,61.77165806081469,63.24670109007458,59.440045897877226,67.31210556511762,43975.33275960987,44667.93803786575,43911.47963281698,312.17498565691335
155,20191,Estrato 5,F,63.534950071326676,66.04992867332382,66.04778887303851,63.320256776034235,75.42724679029958,39608.66833095578,39975.89300998573,39515.98716119829,334.3801711840228
156,20191,Estrato 5,M,64.86719883889695,65.82728592162555,68.41654571843252,64.68650217706822,74.70029027576197,39263.70029027576,39944.400580551526,39188.93831640058,338.4978229317852
157,20191,Estrato 6,F,65.07082371054658,67.42494226327945,68.05311778290994,65.54811393379522,80.08391070053888,25417.866820631254,25958.392609699767,25157.70438799076,346.18090839107003
158,20191,Estrato 6,M,65.98793242156074,67.13032984714401,70.38053097345133,66.22767497988737,79.67417538213998,26556.90185036203,27178.13515687852,26308.542236524536,349.4006436041834
159,20191,Sin Estrato,F,49.75806451612903,52.935483870967744,49.70161290322581,49.233870967741936,53.435483870967744,37188.07258064516,36372.33870967742,36097.467741935485,255.06451612903226
160,20191,Sin Estrato,M,51.16279069767442,54.31782945736434,54.434108527131784,51.542635658914726,56.87596899224806,37401.88372093023,36482.364341085275,36863.410852713176,268.3333333333333
161,20192,,,38.285714285714285,49.42857142857143,45.57142857142857,37.857142857142854,43.42857142857143,31869.714285714286,31869.714285714286,31857.0,214.57142857142858
162,20192,,F,41.085645549318365,47.41630580058808,43.1909115209837,41.09441325848704,,,35473.71103982892,35517.419941192195,
163,20192,,M,43.87185818296929,49.01715732826844,47.4565368787591,42.74010762899652,,,34314.49534662868,34395.70775561887,
164,20192,Estrato 1,,48.10344827586207,51.41379310344828,50.724137931034484,45.93103448275862,46.48275862068966,3.099470922176407e+306,27146.689655172413,28307.896551724138,242.6551724137931
165,20192,Estrato 1,F,45.61180471890226,50.00903052466602,47.06800081029501,43.778778800123675,,,36801.331623895174,36801.747976927916,
166,20192,Estrato 1,M,47.88366714534049,50.618607814979974,50.909319023505404,44.64129695412289,,,36526.2894112312,36609.91867583705,
167,20192,Estrato 2,,50.513513513513516,54.7027027027027,53.13513513513514,47.75675675675676,52.2972972972973,2.429315047111238e+306,25967.62162162162,25966.54054054054,258.4054054054054
168,20192,Estrato 2,F,48.10255341116671,52.770719164482564,49.92012151536812,46.61445675482487,48.53826145659598,,31843.122845683425,31814.192816297356,245.94611230243825
169,20192,Estrato 2,M,49.994597311220005,53.06370147003393,53.25140207198255,47.15298861209151,1.026678280084476e+303,,31992.156038332818,31938.28634250534,1.026678280084476e+303
170,20192,Estrato 3,,53.72727272727273,56.90909090909091,57.18181818181818,49.18181818181818,56.90909090909091,4.0856662155961726e+306,30942.363636363636,30252.454545454544,273.90909090909093
171,20192,Estrato 3,F,50.41710423517869,54.98174022057087,52.33895964679591,49.30425698141318,1.633108463873177e+303,,27752.652482784935,27647.097330983484,1.633108463873177e+303
172,20192,Estrato 3,M,51.87421454009808,55.04706233335198,55.11165184315042,49.514776901418955,53.4263392440939,,28113.724860621656,27961.887937946336,264.9740448621133
173,20192,Estrato 4,,63.666666666666664,66.66666666666667,62.666666666666664,62.0,63.0,54576.333333333336,54576.333333333336,54576.333333333336,318.0
174,20192,Estrato 4,F,52.27314479091129,56.36209813874788,54.17476432197245,51.33413907017968,57.53372008701958,,29522.43880428652,29303.793570219965,271.6778664088309
175,20192,Estrato 4,M,52.935577784413255,55.86690056733353,56.09883547327561,50.73932517169304,56.66975216482532,,30014.972678411465,29786.30733054643,272.31039116154074
176,20192,Estrato 5,,37.333333333333336,41.666666666666664,40.0,35.666666666666664,37.0,17644.0,17667.0,17667.0,191.66666666666666
177,20192,Estrato 5,F,50.85061287027579,54.88534218590399,52.7694075587334,49.84065372829418,56.61465781409601,2.295318098649535e+304,29540.623340143004,29514.665985699692,264.96067415730334
178,20192,Estrato 5,M,52.03434835566382,54.972959805115714,55.40462850182704,50.372472594397074,56.47844092570037,,29845.63580998782,29810.077466504263,269.262850182704
179,20192,Estrato 6,F,47.20500782472613,51.20657276995305,48.773604590506,46.284820031298906,51.96348461137193,31794.052164840898,31941.566510172142,32081.206051121546,245.43348982785602
180,20192,Estrato 6,M,49.1711259754738,52.534002229654405,52.441471571906355,47.94704570791527,54.03957636566332,,30530.851727982164,30458.822185061315,256.13322185061315
181,20192,Sin Estrato,,43.4,47.2,39.6,39.4,41.2,27023.2,27023.2,27016.4,210.8
182,20192,Sin Estrato,F,40.50594799452574,44.48594588904095,40.872618170333716,38.201915991156966,,,37893.81461206443,37919.05190020002,
183,20192,Sin Estrato,M,41.7818323993223,44.30366219210217,43.74403753421087,37.95073634823407,39.57682783787306,,37620.04157435162,37904.24657891307,207.35709631174248
184,20201,,,59.0,55.0,65.0,62.0,59.0,8.98846567431158e+307,15238.0,15001.0,300.0
185,20201,,F,48.416909620991255,53.52040816326531,49.56413994169096,48.25655976676385,53.71720116618076,,43256.88921282799,42507.84839650146,253.47521865889212
186,20201,,M,50.7060849598163,54.74052812858783,53.83237657864524,49.78071182548795,56.20206659012629,,43495.949483352466,43501.210103329504,265.2617680826636
187,20201,Estrato 1,F,44.81728395061728,49.1283950617284,45.54814814814815,43.34567901234568,44.77530864197531,43336.496296296296,42606.89135802469,43049.153086419756,227.61481481481482
188,20201,Estrato 1,M,48.11825192802056,51.23393316195373,50.0719794344473,46.45244215938303,2.310659556378298e+305,2.310659556378298e+305,42918.84061696658,43501.431876606686,2.310659556378298e+305
189,20201,Estrato 2,F,49.52627045650301,53.95176571920758,50.72954349698536,48.738156761412576,,48419.257536606376,48383.26356589147,47914.03359173127,
190,20201,Estrato 2,M,51.212618841832324,54.173725151253244,53.7009507346586,49.6819360414866,,45418.68280034572,45308.43301642178,44981.25756266206,
191,20201,Estrato 3,F,53.8284625158831,58.01016518424397,55.16327827191868,53.133418043202035,,57400.54129606099,57539.913595933926,57144.2458703939,
192,20201,Estrato 3,M,54.440161104718065,57.08457997698504,56.9746835443038,52.80322209436134,,52272.083429229,52492.913118527045,51800.9833141542,
193,20201,Estrato 4,F,59.290030211480364,62.853474320241695,61.233383685800604,58.63444108761329,,47058.02265861027,47774.85196374622,46897.744712990934,
194,20201,Estrato 4,M,60.552005438477224,62.69544527532291,63.44595513256288,58.99524133242692,,45308.74847042828,46034.20394289599,45141.63562202583,
195,20201,Estrato 5,F,61.39465153970826,64.95948136142626,64.20907617504052,61.84683954619125,,42190.405996758505,42579.37358184765,42167.94165316045,
196,20201,Estrato 5,M,62.191601049868765,63.91163604549431,66.16185476815399,61.111986001749784,7.863924474463324e+304,39982.17147856518,40538.23447069116,39769.066491688536,7.863924474463324e+304
197,20201,Estrato 6,F,62.21447721179624,65.48078641644325,65.53887399463807,62.388739946380696,81.52457551385166,27321.2654155496,27767.552278820374,27138.015192135834,337.1474530831099
198,20201,Estrato 6,M,62.34679802955665,64.19802955665024,67.59211822660099,61.96551724137931,8.855631206218304e+304,27304.835467980294,27831.312315270938,27050.85714285714,8.855631206218304e+304
199,20201,Sin Estrato,F,49.63529411764706,53.423529411764704,49.98823529411764,48.32941176470588,,36769.129411764705,35102.18823529412,36601.470588235294,
200,20201,Sin Estrato,M,55.274193548387096,57.91935483870968,58.596774193548384,53.96774193548387,66.12903225806451,39220.95161290323,38816.58064516129,38939.32258064516,291.88709677419354
201,20202,,F,43.70783472567171,50.043350643486114,47.04978550462859,45.58489501016031,,,35085.82140438022,,
202,20202,,M,46.03459352606869,50.91771682727946,50.58636026686435,46.94390906844576,,34787.79009142575,34710.523350630094,,
203,20202,Estrato 1,,42.0,50.0,56.0,41.0,46.0,23001.0,23001.0,23001.0,235.0
204,20202,Estrato 1,F,45.434982713439474,49.936447116337455,47.46617559622118,45.37258593732796,,36500.43730593909,36454.26533218824,,
205,20202,Estrato 1,M,47.29860226668171,50.29423334246884,50.622821583452904,46.26829386254816,,36660.34543519966,36593.68376082155,,
206,20202,Estrato 2,,48.666666666666664,56.666666666666664,49.0,56.333333333333336,46.666666666666664,15764.0,15764.0,15764.0,257.3333333333333
207,20202,Estrato 2,F,47.892054214742785,52.6189751599738,50.24600191464705,48.33383382879025,,31777.22340907946,31735.991001158865,,
208,20202,Estrato 2,M,49.45250589764576,52.665796061816955,53.00417649607626,49.000228684223195,,31856.33652688845,31804.0507197535,,
209,20202,Estrato 3,,43.333333333333336,50.333333333333336,50.333333333333336,43.0,40.333333333333336,13943.333333333334,13943.333333333334,13901.333333333334,227.33333333333334
210,20202,Estrato 3,F,50.208329396647834,54.97275183764479,52.65837758167835,51.16031443094424,,27948.95977022354,27966.330039114906,,
211,20202,Estrato 3,M,51.36254098684471,54.49851854778177,54.96452415754751,51.39284162288153,,28002.84274878521,28019.88843677162,,
212,20202,Estrato 4,,61.0,60.0,64.0,62.0,76.0,11001.0,11001.0,11001.0,323.0
213,20202,Estrato 4,F,52.8137825970069,56.768438032081725,55.302984138363655,53.87758759745497,,29122.000537682587,29316.964781790484,,
214,20202,Estrato 4,M,52.718280094285944,55.40421035519792,56.239535072746484,53.12525400308868,7.30591373999153e+303,29560.145005283262,29770.531902787938,,7.30591373999153e+303
215,20202,Estrato 5,F,51.51305637982196,55.493768545994065,53.88842729970327,52.80207715133531,2.667200496828362e+304,28990.76587537092,29228.200296735904,2.667200496828362e+304,2.667200496828362e+304
216,20202,Estrato 5,M,51.94628665387778,54.747328035078105,55.68594135379556,52.63606467525349,,28161.06906001644,28250.941079747878,,
217,20202,Estrato 6,F,48.00576923076923,52.19423076923077,50.049358974358974,48.93205128205128,53.30897435897436,31344.975,31646.059615384616,5.761836970712551e+304,252.4903846153846
218,20202,Estrato 6,M,49.30531845042679,52.19369665134603,53.07944845699278,50.26263952724885,5.901815938484293e+304,29217.659225213396,29247.365725541695,29230.278397898885,5.901815938484293e+304
219,20202,Sin Estrato,F,40.89291083612814,44.58239851971782,41.958135769631085,39.940441771712734,,37512.57476581473,37399.85752284029,,
220,20202,Sin Estrato,M,41.47565864833906,44.06099656357388,43.79395761741122,39.67797823596793,,37543.67568728522,37519.59464490264,,
221,20211,,,42.0,37.0,30.0,31.0,32.0,11001.0,11001.0,11001.0,172.0
222,20211,,F,51.206586826347305,57.362275449101794,53.58682634730539,51.8502994011976,2.691157387518437e+305,,52724.0868263473,52556.40718562874,2.691157387518437e+305
223,20211,,M,50.26128266033254,55.17577197149644,54.8479809976247,50.482185273159146,,,51013.27790973872,51500.790973871735,
224,20211,Estrato 1,,39.0,50.0,43.0,34.0,35.0,52356.0,52356.0,52356.0,201.0
225,20211,Estrato 1,F,46.971698113207545,51.06603773584906,47.59119496855346,46.5377358490566,,47739.32075471698,47583.73899371069,47339.32704402516,
226,20211,Estrato 1,M,49.48148148148148,52.94074074074074,51.111111111111114,48.50370370370371,,46600.025925925926,45876.125925925924,46369.35555555556,
227,20211,Estrato 2,,54.0,48.0,55.0,38.0,51.0,86001.0,86001.0,86001.0,246.0
228,20211,Estrato 2,F,51.49703557312253,56.04249011857708,53.22924901185771,51.37747035573123,,57999.700592885376,58364.95849802371,57912.60671936759,
229,20211,Estrato 2,M,52.50922131147541,55.9375,55.43852459016394,51.64754098360656,,52969.397540983606,53135.414959016394,53014.56045081967,
230,20211,Estrato 3,,37.0,43.0,39.0,31.0,30.0,5001.0,5360.0,5001.0,180.0
231,20211,Estrato 3,F,54.6428145497913,59.368515205724506,56.61836612999404,54.6428145497913,,60759.964818127606,61088.434704830055,60673.67203339296,
232,20211,Estrato 3,M,55.3390022675737,58.43877551020408,57.983560090702944,54.59013605442177,,57710.174036281176,57816.212585034016,57518.50113378685,
233,20211,Estrato 4,F,59.89547482472913,63.5704270235819,62.79604843849586,60.65710643722116,,45423.95666029318,46240.70299553856,45360.140216698535,
234,20211,Estrato 4,M,60.735037768739105,63.278907611853576,64.43927948866938,60.54445090063916,,43605.60836722836,44258.29924462522,43419.421847762926,
235,20211,Estrato 5,F,61.585559566787005,65.67509025270758,65.34296028880867,63.12202166064982,,6.489866912860346e+304,39892.44837545126,39115.462093862814,
236,20211,Estrato 5,M,62.935055350553505,65.39114391143912,67.15350553505534,62.792619926199265,,38769.91512915129,39535.54095940959,38684.53874538746,
237,20211,Estrato 6,,50.0,63.0,54.0,53.0,83.0,11001.0,11001.0,11001.0,303.0
238,20211,Estrato 6,F,63.47910447761194,66.47835820895523,68.28134328358209,64.47388059701493,83.10074626865672,26815.259701492538,27358.014925373136,26472.723134328357,345.8134328358209
239,20211,Estrato 6,M,63.81988105352591,66.23449447748513,68.95157179269329,64.91758708581139,7.636759281488173e+304,27408.869158878504,27951.7841971113,27122.47833474936,7.636759281488173e+304
240,20211,Sin Estrato,F,56.463157894736845,59.915789473684214,57.915789473684214,56.37894736842105,,44668.11578947368,44821.0,44337.63157894737,
241,20211,Sin Estrato,M,55.15596330275229,57.522935779816514,58.596330275229356,53.706422018348626,8.246298783772092e+305,46636.091743119265,45668.45871559633,46360.00917431193,8.246298783772092e+305
242,20212,,,54.25,57.25,63.0,57.0,59.0,66507.75,80257.75,66507.75,290.5
243,20212,,F,42.44815724815725,49.00337837837838,44.45282555282555,42.52389434889435,,,34550.18402948403,34602.38538083538,
244,20212,,M,44.426045135035146,49.653570107288196,47.25246022937477,43.505586385497594,,,34222.58261191269,34248.48686644469,
245,20212,Estrato 1,,48.51851851851852,52.22222222222222,50.81481481481482,46.666666666666664,48.03703703703704,46770.03703703704,44457.37037037037,46769.81481481482,246.25925925925927
246,20212,Estrato 1,F,45.608413512815616,50.14274006129941,46.613622840206126,44.31194215850277,,36757.00715159816,36708.92127628521,36725.930314019155,
247,20212,Estrato 1,M,47.74284361631977,50.48139255702281,49.47207615440542,45.30556447931285,,36702.27181576856,36660.360346955684,36705.76152714607,
248,20212,Estrato 2,,50.06818181818182,52.45454545454545,51.47727272727273,47.59090909090909,50.11363636363637,48233.045454545456,46550.818181818184,47897.75,251.70454545454547
249,20212,Estrato 2,F,47.82316801709554,52.82830261478645,49.13150110309758,46.963909417386404,,32432.405375993036,32412.722484393395,32406.23744793676,
250,20212,Estrato 2,M,49.67398336685841,52.91745774076296,51.654174165696205,47.74732681652963,,32459.685546576326,32432.192763289455,32471.029066826646,
251,20212,Estrato 3,,49.625,52.1875,50.5,44.875,48.375,29206.1875,28284.125,29221.625,245.5625
252,20212,Estrato 3,F,49.99252219133865,55.359024477719,51.356065632565226,49.66367793418811,,28700.35502555366,28739.95685465794,28681.25300815924,
253,20212,Estrato 3,M,51.42277318972839,54.911542006252596,53.359018378300235,49.83495671973544,,28700.862605489998,28723.77456313136,28682.666245007862,
254,20212,Estrato 4,F,51.55201665766947,56.50859875067479,53.02043649263515,51.132721523868284,,29920.3259042184,30053.607156628364,29965.109431634148,
255,20212,Estrato 4,M,52.236701943695095,55.50072629176178,54.21048626962717,50.540983606557376,,29598.519264024348,29676.013488275577,29680.0,
256,20212,Estrato 5,,46.0,57.0,46.0,46.0,51.0,5001.0,5001.0,5001.0,246.0
257,20212,Estrato 5,F,50.25312261024726,55.0229416263064,51.550089217435634,49.638796839153706,,29231.861075707366,29336.460107060924,29323.09533520265,
258,20212,Estrato 5,M,51.53221153846154,54.614423076923075,53.73605769230769,50.058653846153845,,30180.868028846155,30130.339903846154,30265.25480769231,
259,20212,Estrato 6,F,46.380434782608695,51.1583850931677,47.219461697722565,45.37836438923395,,30962.821946169774,30767.487060041407,30839.151138716355,
260,20212,Estrato 6,M,48.86030927835051,52.16649484536082,50.63298969072165,47.1298969072165,,30585.040721649486,30660.382474226804,30428.123195876287,
261,20212,Sin Estrato,F,41.27794411177645,45.24860279441118,41.02644710578842,38.922954091816365,,37473.99261477046,37367.5506986028,37377.858582834335,
262,20212,Sin Estrato,M,42.36261614577048,44.85628092192591,42.8398696753952,38.8127187160613,,36825.146977193195,36653.10317364547,37011.5923735972,
